<?xml version="1.0" encoding="UTF-8" ?>
<!DOCTYPE log4j:configuration SYSTEM "log4j.dtd">

<log4j:configuration xmlns:log4j="http://jakarta.apache.org/log4j/">

	<appender name="A1" class="org.apache.log4j.ConsoleAppender">
		<layout class="org.apache.log4j.PatternLayout">
			<param name="ConversionPattern" value="%d{HH:mm:ss,SSS} [%5p] %C{1}-%L: %m%n" />
	    </layout>
	</appender>
    
	<logger name="net.sf.exlp" additivity="false">
		<level value="DEBUG"/>
		<appender-ref ref="A1"/>
	</logger>
    
	<root>
		<priority value="INFO" />
		<appender-ref ref="A1" />
	</root>

</log4j:configuration>